
Select *from dots;

| id   | name       | age  | gender |
|:----|:-----|:----|:-----|
|    1 | prasanna   |   20 | M      |
|    2 | kaushik    |   19 | M      |
|    2 | vimal      |   19 | M      |
|    2 | Chithraj   |   18 | M      |
|    2 | hasan      |   18 | M      |
|    6 | annapoorni |   17 | F      |

6 rows in set (0.00 sec)


<h1>Order By</h1>


   Select *from dots<br>
    -> order by name;

| id   | name       | age  | gender |
|:-----|:----|:-----|:-----|
|    6 | annapoorni |   17 | F      |
|    2 | Chithraj   |   18 | M      |
|    2 | hasan      |   18 | M      |
|    2 | kaushik    |   19 | M      |
|    1 | prasanna   |   20 | M      |
|    2 | vimal      |   19 | M      |

6 rows in set (0.00 sec)